,City Name,Lattitude,Longitude,Temperature,Humidity,Cloudiness,Windspeed,Country,Date
0,Tuatapere,-46.13,167.68,39.0,83,14,3.0,NZ,1592522702
1,Te Anau,-45.42,167.72,36.82,80,16,1.16,NZ,1592522702
2,Pisco,-13.7,-76.22,64.22,82,75,11.41,PE,1592522450
3,Tarija,-21.54,-64.73,58.89,59,0,3.29,BO,1592522702
4,Tiksi,71.69,128.87,53.35,72,100,2.93,RU,1592522702
5,Mareeba,-17.0,145.43,66.34,92,48,3.0,AU,1592522702
6,Bethel,41.37,-73.41,74.5,78,75,5.82,US,1592522702
7,Maniwaki,46.38,-75.97,80.76,56,0,4.25,CA,1592522702
8,Richards Bay,-28.78,32.04,58.17,83,100,3.94,ZA,1592522702
9,Puerto Ayora,-0.74,-90.35,73.0,86,70,1.01,EC,1592522702
10,Lüderitz,-26.65,15.16,68.0,28,0,3.36,NA,1592522702
11,Rikitea,-23.12,-134.97,75.25,85,100,15.52,PF,1592522702
12,Leningradskiy,69.38,178.42,46.09,57,44,7.87,RU,1592522703
13,Bichena,10.45,38.2,59.11,61,97,4.27,ET,1592522703
14,Arraial do Cabo,-22.97,-42.03,69.8,88,11,9.17,BR,1592522703
15,West Odessa,31.84,-102.5,102.18,8,1,8.88,US,1592522703
16,Natá,8.33,-80.52,77.0,72,99,3.24,PA,1592522703
17,Cukai,4.25,103.42,75.11,94,20,4.65,MY,1592522703
18,Say,13.1,2.37,86.0,58,78,6.93,NE,1592522703
19,Severo-Kuril'sk,50.68,156.12,43.97,85,82,8.95,RU,1592522703
20,Ushuaia,-54.8,-68.3,33.8,74,18,5.82,AR,1592522623
21,Sawtell,-30.38,153.1,57.38,93,40,9.17,AU,1592522703
22,Cape Town,-33.93,18.42,61.29,44,0,6.93,ZA,1592522458
23,Upernavik,72.79,-56.15,36.14,82,0,11.72,GL,1592522704
24,Torbay,47.67,-52.73,63.32,67,90,14.99,CA,1592522644
25,Kuli,42.02,47.24,73.4,60,75,6.93,RU,1592522704
26,Karema,-6.82,30.44,68.4,59,50,3.06,TZ,1592522704
27,Hithadhoo,-0.6,73.08,84.38,77,93,12.1,MV,1592522465
28,Laas,46.62,10.7,48.2,87,75,9.17,IT,1592522704
29,Hilo,19.73,-155.09,78.37,61,20,8.05,US,1592522521
30,Saint-François,46.42,3.91,51.89,81,20,4.36,FR,1592522704
31,Mar del Plata,-38.0,-57.56,51.22,93,32,8.05,AR,1592522704
32,Solana Beach,32.99,-117.27,70.41,63,1,10.29,US,1592522704
33,Clyde River,70.47,-68.59,32.0,87,90,6.93,CA,1592522704
34,Shushenskoye,53.33,91.94,59.0,77,91,11.18,RU,1592522705
35,Honiara,-9.43,159.95,87.8,70,20,9.17,SB,1592522705
36,Narsaq,60.92,-46.05,42.8,70,40,6.93,GL,1592522705
37,Penzance,50.12,-5.54,56.7,87,100,12.75,GB,1592522705
38,Ádendro,40.67,22.6,73.0,72,6,1.99,GR,1592522705
39,Chui,-33.7,-53.46,57.51,85,43,9.15,UY,1592522705
40,Mayor Pablo Lagerenza,-19.93,-60.77,84.36,45,98,7.47,PY,1592522705
41,Rio Grande,-32.03,-52.1,61.0,88,13,7.0,BR,1592522494
42,Tessalit,20.2,1.01,93.38,10,0,12.44,ML,1592522705
43,Mbanza-Ngungu,-5.25,14.87,66.15,58,57,1.5,CD,1592522705
44,Beringovskiy,63.05,179.32,51.6,50,0,3.11,RU,1592522705
45,Castro,-24.79,-50.01,57.6,95,98,4.36,BR,1592522705
46,Arrecife,28.96,-13.55,71.6,78,20,17.22,ES,1592522494
47,Atuona,-9.8,-139.03,80.04,76,14,12.08,PF,1592522706
48,Port Elizabeth,-33.92,25.57,46.4,87,0,4.7,ZA,1592522706
49,New Norfolk,-42.78,147.06,38.01,88,100,1.83,AU,1592522463
50,Kapaa,22.08,-159.32,80.73,74,90,17.22,US,1592522523
51,Vardø,70.37,31.11,46.4,65,75,11.41,NO,1592522706
52,Vila do Maio,15.13,-23.22,80.6,61,0,25.28,CV,1592522706
53,Saskylakh,71.92,114.08,71.87,45,28,10.04,RU,1592522706
54,Yellowknife,62.46,-114.35,68.0,32,5,18.34,CA,1592522598
55,Albany,42.6,-73.97,82.13,53,58,3.71,US,1592522623
56,‘Āhuimanu,21.44,-157.84,85.42,43,20,14.99,US,1592522706
57,Ilulissat,69.22,-51.1,33.8,67,40,3.36,GL,1592522706
58,Jamestown,42.1,-79.24,78.8,44,40,6.93,US,1592522540
59,Seoul,37.57,126.98,69.21,94,90,5.82,KR,1592522556
60,Vostok,46.49,135.88,49.84,97,96,2.35,RU,1592522706
61,Longyearbyen,78.22,15.64,44.6,65,40,6.93,SJ,1592522706
62,Mayo,38.89,-76.51,76.62,61,40,8.05,US,1592522635
63,Alyangula,-13.85,136.42,77.0,83,4,4.7,AU,1592522707
64,Punta Arenas,-53.15,-70.92,37.2,93,100,11.41,CL,1592522487
65,Cabo San Lucas,22.89,-109.91,90.46,23,5,9.17,MX,1592522413
66,Tocopilla,-22.09,-70.2,61.07,68,73,1.7,CL,1592522707
67,Batagay-Alyta,67.8,130.41,74.5,29,1,2.91,RU,1592522707
68,Motygino,58.18,94.76,57.07,60,100,5.68,RU,1592522707
69,Stoughton,42.13,-71.1,79.3,70,6,1.99,US,1592522707
70,Tilichiki,60.47,166.1,63.14,55,40,2.26,RU,1592522707
71,Bowen,-20.02,148.23,70.56,77,90,13.87,AU,1592522707
72,Muros,42.78,-9.06,57.0,82,1,1.01,ES,1592522707
73,Coahuayana Viejo,18.73,-103.68,84.2,58,20,17.22,MX,1592522707
74,Constitución,-35.33,-72.42,55.45,92,100,27.34,CL,1592522708
75,Wodonga,-36.12,146.88,44.62,100,90,3.91,AU,1592522708
76,Codrington,-38.27,141.97,51.6,75,54,15.1,AU,1592522708
77,Sola,-13.88,167.55,79.77,76,65,18.3,VU,1592522708
78,San Cristobal,7.77,-72.22,75.2,94,75,9.17,VE,1592522708
79,Hobart,-42.88,147.33,38.34,93,75,8.05,AU,1592522708
80,Mataram,-8.58,116.12,78.8,83,40,8.05,ID,1592522454
81,Quatre Cocos,-20.21,57.76,71.29,78,75,14.99,MU,1592522708
82,Hermanus,-34.42,19.23,50.0,81,0,3.0,ZA,1592522708
83,São Filipe,14.9,-24.5,80.1,63,0,14.34,CV,1592522708
84,Barrow,71.29,-156.79,51.8,62,1,6.93,US,1592522708
85,Saint George,37.1,-113.58,89.64,9,1,12.75,US,1592522604
86,Butaritari,3.07,172.79,83.32,60,87,0.56,KI,1592522709
87,Carnarvon,-24.87,113.63,51.8,87,0,8.05,AU,1592522709
88,Ruwi,23.6,58.55,89.6,75,0,3.36,OM,1592522709
89,Batemans Bay,-35.72,150.18,36.73,97,9,5.06,AU,1592522709
90,Arman',59.7,150.17,57.43,72,40,4.63,RU,1592522709
91,Dakar,14.69,-17.44,82.4,88,20,16.11,SN,1592522479
92,East London,-33.02,27.91,62.67,64,0,12.86,ZA,1592522709
93,Mataura,-46.19,168.86,39.0,83,0,3.0,NZ,1592522709
94,Busselton,-33.65,115.33,37.99,98,43,3.36,AU,1592522709
95,Sørland,67.67,12.69,48.0,84,0,21.61,NO,1592522709
96,George Town,5.41,100.34,79.27,94,20,3.36,MY,1592522632
97,Hofn,64.25,-15.21,49.23,87,0,1.72,IS,1592522709
98,Mahébourg,-20.41,57.7,71.6,78,75,14.99,MU,1592522710
99,Buin,-33.73,-70.75,48.13,87,75,1.12,CL,1592522710
100,Khatanga,71.97,102.5,53.73,56,65,13.29,RU,1592522710
101,Kasane,-17.82,25.15,48.56,67,0,3.4,BW,1592522710
102,Lebu,-37.62,-73.65,54.84,84,100,14.85,CL,1592522710
103,Griffith,41.53,-87.42,83.14,37,1,9.17,US,1592522710
104,Naze,28.37,129.48,84.24,70,75,21.92,JP,1592522710
105,Gori,41.98,44.12,63.59,66,100,2.59,GE,1592522710
106,Nikolskoye,59.7,30.79,62.51,82,20,2.24,RU,1592522710
107,Esperance,-33.87,121.9,46.4,100,40,5.82,AU,1592522710
108,Qaanaaq,77.48,-69.36,33.78,88,0,2.59,GL,1592522710
109,Zhob,31.34,69.45,80.22,18,0,1.66,PK,1592522710
110,Mount Gambier,-37.83,140.77,51.8,71,33,18.34,AU,1592522711
111,Kaitangata,-46.28,169.85,48.0,65,14,11.01,NZ,1592522711
112,Yumen,40.28,97.2,72.25,20,7,7.05,CN,1592522711
113,Eureka,40.8,-124.16,66.79,72,1,4.7,US,1592522711
114,Tasiilaq,65.61,-37.64,41.0,80,100,42.5,GL,1592522711
115,Cidreira,-30.18,-50.21,67.62,90,77,8.43,BR,1592522711
116,Bariloche,-41.15,-71.31,42.8,75,75,13.87,AR,1592522711
117,Kumul,42.8,93.45,78.42,24,39,6.06,CN,1592522711
118,Okitipupa,6.5,4.78,72.55,98,97,2.06,NG,1592522711
119,Manggar,-2.88,108.27,78.98,86,100,7.87,ID,1592522712
120,Serra Branca,-6.53,-38.27,71.91,84,31,9.82,BR,1592522712
121,Taku,39.02,117.65,75.2,64,83,6.71,CN,1592522712
122,Saint-Philippe,-21.36,55.77,65.01,73,69,19.46,RE,1592522712
123,Martinsville,36.69,-79.87,68.95,94,40,5.55,US,1592522712
124,Avarua,-21.21,-159.78,75.2,64,73,10.29,CK,1592522712
125,Manosque,43.83,5.79,57.0,87,0,2.62,FR,1592522712
126,Port Alfred,-33.59,26.89,55.99,75,0,5.01,ZA,1592522712
127,Bluff,-46.6,168.33,39.0,83,0,3.0,NZ,1592522712
128,Morón,-34.65,-58.62,59.22,82,76,1.01,AR,1592522712
129,Inyonga,-6.72,32.07,59.97,61,13,4.63,TZ,1592522712
130,Vaini,-21.2,-175.2,75.2,78,75,11.41,TO,1592522713
131,Tuktoyaktuk,69.45,-133.04,42.8,87,40,10.29,CA,1592522713
132,Nosy Varika,-20.58,48.53,62.2,88,73,7.14,MG,1592522713
133,Nemuro,43.32,145.57,54.79,94,97,4.41,JP,1592522713
134,Oriximiná,-1.77,-55.87,79.48,80,65,3.15,BR,1592522713
135,Zhangaözen,43.3,52.8,79.68,17,60,13.42,KZ,1592522713
136,Tamandaré,-8.76,-35.1,76.66,85,22,10.78,BR,1592522713
137,Salinas,36.68,-121.66,73.63,60,1,14.99,US,1592522713
138,San Andrés,12.58,-81.7,86.0,70,40,11.41,CO,1592522696
139,Gobabis,-22.45,18.97,50.0,56,0,4.7,NA,1592522713
140,Bonavista,48.65,-53.11,55.99,84,100,8.1,CA,1592522713
141,Esim,4.87,-2.24,77.13,84,100,7.52,GH,1592522713
142,Christchurch,-43.53,172.63,44.29,100,100,13.87,NZ,1592522460
143,Wagar,16.15,36.2,85.46,45,54,28.16,SD,1592522714
144,Hong Kong,22.29,114.16,84.09,70,70,4.0,HK,1592522578
145,Lākheri,25.67,76.17,90.12,50,17,8.66,IN,1592522714
146,Rantauprapat,2.1,99.83,72.63,83,67,1.79,ID,1592522714
147,Philadelphia,39.95,-75.16,78.94,61,40,8.05,US,1592522687
148,Thompson,55.74,-97.86,39.2,100,90,13.87,CA,1592522714
149,Galesong,-5.32,119.37,77.0,100,20,1.12,ID,1592522714
150,Meulaboh,4.14,96.13,76.69,84,55,4.92,ID,1592522714
151,Bambous Virieux,-20.34,57.76,71.31,78,75,14.99,MU,1592522714
152,Geraldton,-28.77,114.6,50.0,81,0,8.05,AU,1592522714
153,Kavieng,-2.57,150.8,83.8,70,17,3.58,PG,1592522584
154,Half Moon Bay,37.46,-122.43,75.58,77,1,10.29,US,1592522714
155,Sangar,63.92,127.47,71.02,42,72,6.22,RU,1592522714
156,Alofi,-19.06,-169.92,78.8,61,40,20.8,NU,1592522715
157,Kingaroy,-26.53,151.83,57.56,82,75,10.29,AU,1592522715
158,Sovetskoye,52.29,85.41,57.09,69,38,4.29,RU,1592522715
159,Vanimo,-2.67,141.3,82.65,72,8,4.76,PG,1592522715
160,Dwārka,22.24,68.97,85.19,79,14,15.75,IN,1592522715
161,Iquique,-20.22,-70.14,62.6,72,90,6.93,CL,1592522715
162,Salalah,17.02,54.09,84.2,89,75,2.24,OM,1592522715
163,Wad Rāwah,15.16,33.14,91.98,36,71,17.4,SD,1592522704
164,Tāybād,34.74,60.78,70.12,22,0,7.96,IR,1592522715
165,Hasaki,35.73,140.83,65.14,100,75,6.93,JP,1592522715
166,Thap Than,15.46,99.89,77.0,90,100,2.8,TH,1592522715
167,Adrar,20.5,-10.07,97.59,17,50,16.46,MR,1592522715
168,Taoudenni,22.68,-3.98,102.09,11,27,13.69,ML,1592522463
169,Katsuura,35.13,140.3,65.86,93,75,11.41,JP,1592522716
170,Anadyr,64.75,177.48,66.2,45,49,8.95,RU,1592522716
171,Rāy,23.68,85.05,80.28,73,57,8.95,IN,1592522716
172,Haines Junction,60.75,-137.51,59.14,51,100,5.21,CA,1592522716
173,Ibipeba,-11.64,-42.01,66.24,79,16,7.49,BR,1592522716
174,Nova Viçosa,-17.89,-39.37,72.86,88,33,10.16,BR,1592522716
175,Oussouye,12.48,-16.55,83.32,83,20,6.93,SN,1592522716
176,Zabaykal'sk,49.63,117.32,62.98,58,92,16.87,RU,1592522716
177,Noumea,-22.28,166.46,77.0,61,75,3.36,NC,1592522716
178,Great Bend,38.36,-98.76,93.83,38,20,12.75,US,1592522716
179,Klaksvík,62.23,-6.59,50.0,93,100,6.93,FO,1592522716
180,Isangel,-19.55,169.27,77.0,78,75,5.82,VU,1592522716
181,Ust'ye,59.63,39.74,56.25,85,56,6.82,RU,1592522716
182,Arlit,18.74,7.39,94.51,10,0,6.67,NE,1592522717
183,Katherine,-14.47,132.27,69.8,77,75,11.41,AU,1592522717
184,Chokurdakh,70.63,147.92,80.4,32,74,5.23,RU,1592522717
185,Talnakh,69.49,88.4,42.8,81,95,15.66,RU,1592522717
186,Abu Samrah,35.3,37.18,66.54,78,0,20.38,SY,1592522717
187,Namie,37.48,141.0,64.02,92,99,1.99,JP,1592522717
188,Nanortalik,60.14,-45.24,39.29,85,76,5.97,GL,1592522717
189,Verkhoyansk,67.54,133.38,81.91,24,0,1.16,RU,1592522717
190,Portland,45.52,-122.68,78.73,31,75,5.82,US,1592522287
191,Provideniya,64.38,-173.3,53.6,66,1,13.42,RU,1592522717
192,Necochea,-38.55,-58.74,48.0,89,1,3.0,AR,1592522717
193,Aklavik,68.22,-135.01,59.0,67,75,8.05,CA,1592522717
194,Wanning,18.8,110.4,81.97,88,75,8.63,CN,1592522717
195,Kokorevka,52.59,34.28,64.58,89,81,4.99,RU,1592522718
196,Sitka,57.05,-135.33,53.6,93,90,6.93,US,1592522718
197,Ribeira Grande,38.52,-28.7,64.4,88,75,5.82,PT,1592522718
198,Saint-Augustin,51.23,-58.65,57.42,95,100,4.05,CA,1592522718
199,Airai,-8.93,125.41,60.96,100,81,4.92,TL,1592522718
200,Vangaindrano,-23.35,47.6,66.49,88,85,8.48,MG,1592522718
201,São João da Barra,-21.64,-41.05,70.77,83,53,9.1,BR,1592522718
202,Pevek,69.7,170.31,41.58,68,18,8.81,RU,1592522718
203,Hambantota,6.12,81.12,81.37,82,68,17.11,LK,1592522718
204,Bijapur,16.83,75.7,73.6,85,100,14.74,IN,1592522718
205,Dunedin,-45.87,170.5,46.99,78,56,11.99,NZ,1592522718
206,Iqaluit,63.75,-68.51,41.0,60,75,16.11,CA,1592522718
207,Methóni,36.82,21.7,69.55,82,0,13.22,GR,1592522718
208,Kutum,14.2,24.67,73.81,38,30,9.37,SD,1592522718
209,Evensk,61.95,159.23,55.08,75,79,6.96,RU,1592522719
210,Ust-Tsilma,65.44,52.15,47.91,62,41,5.37,RU,1592522719
211,Peniche,39.36,-9.38,61.7,83,0,7.0,PT,1592522719
212,Souillac,-20.52,57.52,71.6,78,75,14.99,MU,1592522719
213,Almaty,43.25,76.95,59.0,54,40,4.47,KZ,1592522719
214,Tarauacá,-8.16,-70.77,79.3,66,40,1.95,BR,1592522719
215,Kaeo,-35.1,173.78,54.48,3,19,3.0,NZ,1592522719
216,Takāb,36.4,47.11,58.37,33,0,1.3,IR,1592522582
217,Kudahuvadhoo,2.67,72.89,83.89,72,83,3.69,MV,1592522465
218,Puri,19.8,85.85,80.6,94,75,3.36,IN,1592522719
219,Berlevåg,70.86,29.09,44.02,79,100,25.52,NO,1592522719
220,Spirit River,55.78,-118.84,72.84,36,20,2.24,CA,1592522425
221,San Patricio,19.22,-104.7,82.4,78,5,11.41,MX,1592522720
222,Malatya Province,38.5,38.0,71.6,40,20,10.29,TR,1592522720
223,Fukumitsu,36.55,136.87,69.19,93,75,2.24,JP,1592522720
224,Ostrovnoy,68.05,39.51,45.46,87,100,12.37,RU,1592522720
225,Wanaka,-44.7,169.15,36.0,81,57,2.75,NZ,1592522720
226,Dikson,73.51,80.55,32.92,98,92,16.67,RU,1592522720
227,Beloha,-25.17,45.05,63.09,85,4,11.92,MG,1592522720
228,Comodoro Rivadavia,-45.87,-67.5,53.6,50,51,13.87,AR,1592522669
229,Nakambala,-15.83,27.78,51.94,68,4,5.39,ZM,1592522720
230,Petropavlivka,48.46,36.44,66.56,60,100,7.85,UA,1592522720
231,Srednekolymsk,67.45,153.68,86.38,19,27,8.37,RU,1592522720
232,Alta Floresta,-9.88,-56.09,75.76,68,31,4.56,BR,1592522720
233,Mercedes,-34.65,-59.43,54.48,81,97,4.0,AR,1592522522
234,Kirakira,-10.45,161.92,83.43,76,55,11.3,SB,1592522721
235,Port Hardy,50.7,-127.42,66.2,63,75,10.29,CA,1592522721
236,Cherskiy,68.75,161.3,76.1,29,0,8.77,RU,1592522721
237,Lagoa,39.05,-27.98,64.42,90,0,11.05,PT,1592522721
238,Tiarei,-17.53,-149.33,82.2,74,75,4.7,PF,1592522721
239,Grand Gaube,-20.01,57.66,71.01,72,98,8.99,MU,1592522721
240,Ponta do Sol,32.67,-17.1,66.87,77,20,5.82,PT,1592522721
241,Saldanha,-33.01,17.94,62.6,45,0,11.41,ZA,1592522721
242,Rudnogorsk,57.26,103.75,52.92,71,0,6.93,RU,1592522721
243,Gaoua,10.3,-3.25,76.66,76,97,9.44,BF,1592522721
244,Bredasdorp,-34.53,20.04,46.4,87,0,5.39,ZA,1592522721
245,Misratah,32.38,15.09,79.79,48,0,13.02,LY,1592522721
246,Havelock,34.88,-76.9,75.97,71,20,4.0,US,1592522721
247,Hays,30.05,-98.03,89.38,54,90,1.01,US,1592522722
248,Moussoro,13.64,16.49,91.53,33,0,5.44,TD,1592522722
249,Māngrol,21.12,70.12,85.03,77,5,17.02,IN,1592522722
250,Tazovsky,67.47,78.7,37.87,75,0,11.86,RU,1592522722
251,Bonthe,7.53,-12.51,78.3,88,98,11.97,SL,1592522722
252,Marondera,-18.19,31.55,51.8,81,75,6.93,ZW,1592522722
253,Faya,18.39,42.45,72.5,49,98,2.62,SA,1592522722
254,Bereda,43.27,-7.54,49.53,98,36,3.0,ES,1592522722
255,Touros,-5.2,-35.46,71.6,100,40,4.7,BR,1592522722
256,Yuanping,38.72,112.76,65.86,66,24,0.63,CN,1592522722
257,Ballina,-28.87,153.57,58.39,100,75,6.93,AU,1592522722
258,Waipawa,-41.41,175.52,51.8,93,100,23.04,NZ,1592522723
259,Kajaani,64.23,27.73,57.2,93,90,11.41,FI,1592522723
260,Tura,25.52,90.22,74.12,98,100,4.14,IN,1592522723
261,Binga,-17.62,27.34,55.69,60,3,3.24,ZW,1592522723
262,Bengkulu,-3.8,102.27,74.95,88,99,4.54,ID,1592522723
263,Nyurba,63.28,118.33,59.83,74,31,4.07,RU,1592522723
264,Dzhebariki-Khaya,62.22,135.8,71.96,47,48,5.3,RU,1592522723
265,Lavrentiya,65.58,-171.0,53.74,56,0,4.45,RU,1592522723
266,Makkah al Mukarramah,21.43,39.83,88.3,23,96,4.29,SA,1592522723
267,Gadsden,34.01,-86.01,80.31,48,1,5.91,US,1592522723
268,Ahipara,-35.17,173.17,55.63,70,23,12.8,NZ,1592522723
269,Taltal,-25.4,-70.48,60.4,65,10,1.81,CL,1592522598
270,Samfya,-11.36,29.56,53.96,76,0,7.9,ZM,1592522724
271,Khislavichi,54.19,32.16,64.49,92,29,6.24,RU,1592522724
272,Wenatchee,47.42,-120.31,82.4,26,1,13.87,US,1592522724
273,Ducheng,23.24,111.53,78.44,91,98,2.64,CN,1592522724
274,Inhambane,-23.86,35.38,66.38,83,7,8.95,MZ,1592522724
275,San Diego,32.72,-117.16,69.98,56,20,9.17,US,1592522610
276,Newry,54.18,-6.34,57.99,89,100,1.01,GB,1592522724
277,Rafaela,-31.25,-61.49,52.59,64,95,1.99,AR,1592522661
278,Nome,64.5,-165.41,53.29,81,75,8.05,US,1592522724
279,Honningsvåg,70.98,25.97,44.31,81,97,22.08,NO,1592522724
280,Padang,-0.95,100.35,77.52,78,97,3.47,ID,1592522725
281,Aranos,-24.13,19.12,49.26,50,0,11.03,NA,1592522725
282,Pundaguitan,6.37,126.17,82.78,76,95,5.14,PH,1592522725
283,Terrace,54.52,-128.6,57.2,93,90,11.41,CA,1592522725
284,Hay River,60.82,-115.8,78.8,39,20,10.29,CA,1592522725
285,Umluj,25.02,37.27,80.08,61,1,6.98,SA,1592522725
286,Caravelas,-17.71,-39.25,71.96,91,9,7.63,BR,1592522725
287,Cortez,37.35,-108.59,78.76,13,1,13.87,US,1592522559
288,Aykhal,66.0,111.5,60.8,59,40,6.71,RU,1592522725
289,Henties Bay,-22.12,14.28,80.01,24,0,3.0,NA,1592522725
290,Husavik,66.04,-17.34,51.8,76,67,11.41,IS,1592522725
291,Calvià,39.57,2.51,70.39,83,22,3.36,ES,1592522725
292,Zhangjiakou,40.81,114.88,66.38,58,18,3.2,CN,1592522726
293,Bor,56.36,44.07,55.47,100,1,5.37,RU,1592522726
294,Puerto Escondido,15.85,-97.07,86.0,74,90,5.82,MX,1592522726
295,Sur,22.57,59.53,84.06,69,1,11.43,OM,1592522726
296,Tifton,31.45,-83.51,86.68,40,1,2.93,US,1592522726
297,Odesa,46.48,30.73,68.0,82,73,2.24,UA,1592522650
298,Broome,42.25,-75.83,67.77,93,20,5.82,US,1592522726
299,Beira,-19.84,34.84,64.2,93,75,11.41,MZ,1592522726
300,Fairview,40.81,-74.0,74.98,78,20,7.58,US,1592522711
301,San Jose,37.34,-121.89,92.05,15,40,14.99,US,1592522516
302,Salta,-24.79,-65.41,59.0,58,1,3.36,AR,1592522726
303,Belozërskoye,55.82,65.58,41.4,79,0,5.46,RU,1592522726
304,Los Llanos de Aridane,28.66,-17.92,71.6,68,8,11.41,ES,1592522727
305,Syamzha,60.02,41.06,53.47,82,45,6.4,RU,1592522727
306,Tiznit Province,29.58,-9.5,61.93,84,16,5.93,MA,1592522727
307,Krasnosel'kup,65.7,82.47,44.47,59,100,17.36,RU,1592522727
308,Beyneu,45.32,55.2,81.01,22,0,6.29,KZ,1592522727
309,Zeya,53.75,127.27,56.5,69,100,3.89,RU,1592522727
310,Bandarbeyla,9.49,50.81,80.28,70,72,30.6,SO,1592522727
311,Hamilton,39.18,-84.53,72.19,78,75,5.57,US,1592522727
312,Ouadda,8.08,22.4,68.72,87,100,1.43,CF,1592522727
313,Ha Giang,22.83,104.98,78.35,85,96,2.71,VN,1592522727
314,Vanavara,60.34,102.28,57.33,65,0,5.17,RU,1592522728
315,Rochegda,62.8,43.25,54.77,62,51,7.54,RU,1592522728
316,Kiryat Gat,31.61,34.76,68.97,81,13,5.3,IL,1592522728
317,Paamiut,61.99,-49.67,39.54,84,45,15.75,GL,1592522728
318,Chase,50.82,-119.69,81.68,20,40,4.7,CA,1592522728
319,Quang Ngai,15.12,108.8,78.75,81,25,3.27,VN,1592522728
320,Saint Paul Harbor,57.79,-152.41,53.6,76,90,9.17,US,1592522728
321,Brigham City,41.51,-112.02,66.56,30,1,3.36,US,1592522728
322,Hungund,16.07,76.05,76.44,74,98,14.83,IN,1592522728
323,Corrente,-3.74,-43.34,73.47,75,0,1.97,BR,1592522728
324,Amapá,1.0,-52.0,73.92,97,100,2.82,BR,1592522728
325,Westport,41.14,-73.36,72.32,83,75,6.93,US,1592522728
326,Iskateley,67.68,53.15,46.31,60,100,10.09,RU,1592522729
327,Grand-Santi,4.25,-54.38,74.73,96,96,4.07,GF,1592522729
328,Pochutla,15.74,-96.47,83.57,74,90,3.74,MX,1592522729
329,Xiuyan,40.29,123.27,69.49,77,57,2.98,CN,1592522729
330,Jalu,29.03,21.55,78.55,26,0,7.56,LY,1592522729
331,Morant Bay,17.88,-76.41,86.0,70,20,23.04,JM,1592522729
332,Coffs Harbour,-30.3,153.13,57.49,93,40,9.17,AU,1592522729
333,Faanui,-16.48,-151.75,79.92,77,100,0.54,PF,1592522729
334,Port-Gentil,-0.72,8.78,75.2,88,90,4.7,GA,1592522729
335,Stepnoye,51.4,46.87,62.56,90,55,13.31,RU,1592522729
336,Kismayo,-0.36,42.55,77.27,83,76,12.71,SO,1592522729
337,Northam,51.03,-4.22,55.33,100,100,10.0,GB,1592522730
338,Ola,59.58,151.28,55.42,76,9,3.33,RU,1592522730
339,Moreira Sales,-24.06,-53.01,65.66,87,34,7.18,BR,1592522730
340,Moengo,5.62,-54.4,75.7,96,97,3.13,SR,1592522730
341,Sembakung,3.82,117.25,75.51,97,100,2.1,ID,1592522730
342,Lethem,3.38,-59.8,78.08,87,80,4.12,GY,1592522730
343,Yurgamysh,55.37,64.47,40.89,75,1,6.06,RU,1592522730
344,Karratha,-20.74,116.85,69.33,57,0,7.4,AU,1592522723
345,Darhan,49.49,105.92,62.74,74,58,2.21,MN,1592522730
346,Santa Vitória do Palmar,-33.52,-53.37,58.06,83,41,9.93,BR,1592522730
347,Salvacion,7.98,126.13,74.86,92,100,0.51,PH,1592522730
348,Port Lincoln,-34.73,135.87,57.27,79,76,17.18,AU,1592522731
349,Vila Franca do Campo,37.72,-25.43,64.4,82,75,3.36,PT,1592522731
350,La Ronge,55.1,-105.28,57.2,41,90,13.87,CA,1592522731
351,Kalispell,48.2,-114.31,63.5,63,90,9.17,US,1592522461
352,Marawi,8.0,124.29,75.0,89,83,5.01,PH,1592522731
353,Pirot,43.15,22.59,59.63,100,78,2.82,RS,1592522731
354,São Geraldo do Araguaia,-6.4,-48.55,71.98,57,3,2.95,BR,1592522731
355,Bubaque,11.28,-15.83,81.54,84,31,14.05,GW,1592522731
356,Marsh Harbour,26.54,-77.06,78.33,82,100,19.17,BS,1592522731
357,Kagoro,9.6,8.38,67.23,98,97,3.4,NG,1592522731
358,Karpathos,35.51,27.21,71.6,83,0,20.8,GR,1592522731
359,Pinega,64.7,43.39,54.77,61,100,7.63,RU,1592522731
360,Santa Maria da Vitória,-13.39,-44.19,71.98,56,6,6.13,BR,1592522731
361,Dolores,-36.31,-57.68,51.94,63,54,6.98,AR,1592522732
362,Pyapon,16.28,95.68,78.24,89,100,1.86,MM,1592522732
363,Tabas,33.6,56.92,87.8,16,0,4.7,IR,1592522732
364,Lesosibirsk,58.24,92.48,55.54,94,100,3.83,RU,1592522732
365,Bathsheba,13.22,-59.52,80.6,88,40,14.99,BB,1592522732
366,Fortuna,40.6,-124.16,66.22,77,1,14.99,US,1592522732
367,Walla Walla,46.06,-118.34,80.24,29,1,0.6,US,1592522640
368,Palu,-0.89,119.87,77.7,78,99,2.33,ID,1592522732
369,Verkhnyaya Inta,65.98,60.31,36.79,80,60,8.41,RU,1592522732
370,Modakeke,7.38,4.27,71.26,100,95,3.62,NG,1592522732
371,Presque Isle,46.68,-68.02,88.81,36,1,5.82,US,1592522732
372,Terney,45.05,136.61,52.63,87,92,4.43,RU,1592522733
373,Warrington,53.39,-2.58,56.23,100,64,8.05,GB,1592522733
374,Flin Flon,54.77,-101.86,39.2,93,90,13.87,CA,1592522733
375,Balkanabat,39.51,54.37,86.14,13,0,18.68,TM,1592522733
376,Petropavlovsk-Kamchatskiy,53.05,158.65,44.6,93,90,6.71,RU,1592522667
377,Les Cayes,18.2,-73.75,81.93,75,53,5.37,HT,1592522733
378,Shenjiamen,29.96,122.3,70.5,95,100,10.38,CN,1592522733
379,Ucluelet,48.93,-125.55,64.78,68,75,11.41,CA,1592522656
380,Okhotsk,59.38,143.3,48.18,87,94,3.33,RU,1592522733
381,Fairbanks,64.84,-147.72,74.19,28,1,2.64,US,1592522732
382,Manjacaze,-24.71,33.88,60.98,94,70,4.99,MZ,1592522733
383,Kruisfontein,-34.0,24.73,56.26,44,0,6.4,ZA,1592522733
384,San Borja,-14.82,-66.85,79.83,67,96,2.28,BO,1592522733
385,Sisimiut,66.94,-53.67,43.02,64,46,11.92,GL,1592522734
386,Melchor de Mencos,17.07,-89.15,82.4,78,75,4.7,GT,1592522734
387,Gaza,31.5,34.47,68.92,81,4,7.92,PS,1592522734
388,Ocampo,21.65,-101.5,76.62,29,98,9.42,MX,1592522734
389,Katobu,-4.94,122.53,76.66,88,67,4.94,ID,1592522734
390,Bahía Solano,6.23,-77.4,80.89,77,99,4.99,CO,1592522734
391,Straumen,63.87,11.3,57.52,87,0,6.93,NO,1592522734
392,Doha,25.29,51.53,91.27,32,0,5.82,QA,1592522589
393,Hammerfest,70.66,23.68,41.0,93,75,26.4,NO,1592522734
394,Forsytheganj,52.63,29.73,63.61,88,79,5.82,BY,1592522734
395,Bajil,15.06,43.29,88.18,60,79,6.02,YE,1592522734
396,Shimoda,34.67,138.95,62.65,93,75,11.41,JP,1592522734
397,Alice Springs,-23.7,133.88,52.7,46,0,3.36,AU,1592522676
398,Margate,51.38,1.39,56.86,94,58,9.75,GB,1592522735
399,Grindavik,63.84,-22.43,50.0,81,75,19.46,IS,1592522735
400,Nelson Bay,-32.72,152.15,52.81,100,90,8.05,AU,1592522735
401,Cap Malheureux,-19.98,57.61,71.01,72,98,8.99,MU,1592522735
402,Tres Arroyos,-38.37,-60.28,50.68,58,19,8.12,AR,1592522735
403,Kahului,20.89,-156.47,82.92,43,20,23.04,US,1592522735
404,Ürümqi,43.8,87.6,68.0,45,46,13.42,CN,1592522735
405,Zhuhai,22.28,113.57,85.35,89,20,10.29,CN,1592522735
406,Bhatkal,13.97,74.57,80.51,82,98,9.73,IN,1592522735
407,Xinyu,27.8,114.93,73.65,95,95,5.97,CN,1592522735
408,Mil'kovo,54.72,158.62,65.17,64,60,4.63,RU,1592522735
409,Selikhino,50.37,137.5,48.22,93,100,10.74,RU,1592522735
410,Bosaso,11.28,49.18,91.54,41,32,15.28,SO,1592522735
411,Lata,40.16,-8.33,59.13,87,1,3.44,PT,1592522735
412,Port-Cartier,50.03,-66.87,83.86,51,75,8.05,CA,1592522736
413,Makakilo City,21.35,-158.09,85.64,48,20,10.29,US,1592522736
414,San Carlos del Zulia,9.0,-71.91,81.19,82,69,5.93,VE,1592522736
415,Palana,59.12,159.97,49.6,88,44,4.56,RU,1592522736
416,Salisbury,51.07,-1.8,57.11,93,90,8.05,GB,1592522465
417,Koumac,-20.57,164.28,75.81,66,88,4.85,NC,1592522736
418,Horsham,51.06,-0.33,57.04,93,40,5.82,GB,1592522736
419,Swan Hill,-35.34,143.55,53.85,80,0,15.23,AU,1592522736
420,Deputatsky,69.3,139.9,76.69,37,27,3.78,RU,1592522736
421,Rome,43.21,-75.46,80.62,45,75,5.82,US,1592522480
422,Igarka,67.47,86.58,45.63,57,100,11.56,RU,1592522736
423,Pangnirtung,66.15,-65.71,40.75,68,84,3.0,CA,1592522737
424,Muyezerskiy,63.93,31.65,58.86,95,63,7.87,RU,1592522737
425,Langsa,4.47,97.97,74.32,87,93,1.48,ID,1592522737
426,San Policarpo,12.18,125.51,79.11,81,95,4.97,PH,1592522737
427,Hualmay,-11.1,-77.61,63.55,81,6,8.46,PE,1592522737
428,Iralaya,15.0,-83.23,86.0,74,75,8.05,HN,1592522737
429,Ust'-Ilimsk,58.0,102.66,58.12,58,0,9.26,RU,1592522737
430,Buraidah,26.33,43.98,78.8,29,3,3.36,SA,1592522737
431,Norsup,-16.07,167.38,82.4,69,75,6.93,VU,1592522737
432,Yeppoon,-23.13,150.73,68.0,72,75,10.29,AU,1592522737
433,Carauari,-4.88,-66.9,75.49,95,57,2.15,BR,1592522737
434,Dzilam González,21.28,-88.93,78.01,93,21,7.56,MX,1592522737
435,Alihe,50.57,123.72,55.99,91,91,3.33,CN,1592522704
436,Tautira,-17.73,-149.15,82.2,74,75,4.7,PF,1592522737
437,Samarai,-10.62,150.67,79.32,82,54,15.9,PG,1592522584
438,Halifax,44.65,-63.57,72.0,53,21,7.83,CA,1592522457
439,Lázaro Cárdenas,17.96,-102.2,84.97,64,32,11.63,MX,1592522738
440,Changji,44.02,87.32,68.0,45,46,13.42,CN,1592522738
441,Nouakchott,18.09,-15.98,82.4,69,1,19.46,MR,1592522603
442,Dondo,-19.61,34.74,64.2,93,75,11.41,MZ,1592522738
443,Bereket,39.24,55.52,82.24,15,0,15.41,TM,1592522738
444,Lompoc,34.64,-120.46,65.34,68,1,12.75,US,1592522738
445,Kochi,9.94,76.26,77.0,94,40,2.82,IN,1592522668
446,Korla,41.76,86.15,82.99,46,53,17.22,CN,1592522681
447,Itacoatiara,-3.14,-58.44,77.0,94,84,2.33,BR,1592522738
448,Birjand,32.87,59.22,68.0,19,0,9.17,IR,1592522738
449,Wau,7.7,28.0,69.58,88,100,1.72,SS,1592522738
450,Loreto,22.27,-101.97,79.99,29,84,4.09,MX,1592522738
451,Amambai,-23.1,-55.23,69.06,76,22,4.9,BR,1592522739
452,Gawler,-34.6,138.73,55.42,56,8,8.99,AU,1592522739
453,Caborca,30.58,-111.1,96.01,20,0,1.99,MX,1592522739
454,Belaya Kholunitsa,58.84,50.85,45.72,79,0,0.51,RU,1592522739
455,Pyaozerskiy,65.83,31.17,55.49,96,98,7.92,RU,1592522739
456,Nishihara,26.18,127.76,84.15,83,75,20.8,JP,1592522739
457,Mehamn,71.04,27.85,43.34,79,92,24.14,NO,1592522739
458,Shetpe,44.17,52.12,78.33,23,74,10.89,KZ,1592522739
459,Maniitsoq,65.42,-52.9,40.68,79,0,15.9,GL,1592522739
460,Carutapera,-1.2,-46.02,75.7,93,77,7.16,BR,1592522739
461,Remanso,-9.62,-42.08,77.54,62,35,13.29,BR,1592522739
462,Huntington,38.42,-82.45,72.45,78,1,1.9,US,1592522740
463,Agía Galíni,35.1,24.68,65.98,89,0,3.0,GR,1592522740
464,Tamiahua,21.27,-97.45,84.96,70,1,12.06,MX,1592522740
465,Wajima,37.4,136.9,69.8,83,75,11.41,JP,1592522740
466,Bac Lieu,9.29,105.72,81.21,84,100,7.43,VN,1592522740
467,Zheshart,62.07,49.57,48.65,78,55,3.87,RU,1592522740
468,Quelimane,-17.88,36.89,66.09,93,75,13.87,MZ,1592522740
469,Opuwo,-18.06,13.84,55.71,48,0,8.39,NA,1592522740
470,Podor,16.65,-14.96,107.6,22,89,4.85,MR,1592522740
471,Sorong,-0.88,131.25,79.23,84,47,5.86,ID,1592522740
472,Amahai,-3.33,128.92,82.0,100,63,1.01,ID,1592522681
473,Moorhead,46.87,-96.77,73.99,50,20,16.11,US,1592522740
474,Viedma,-40.81,-63.0,53.71,46,99,15.39,AR,1592522740
475,Mumbwa,-14.98,27.06,50.7,73,20,4.14,ZM,1592522741
476,Vestmannaeyjar,63.44,-20.27,48.88,79,45,17.78,IS,1592522741
477,Prado,-17.34,-39.22,72.77,90,58,9.24,BR,1592522741
478,Luján,-34.57,-59.1,56.25,84,95,1.99,AR,1592522741
479,Maragogi,-9.01,-35.22,76.48,85,14,11.05,BR,1592522741
480,Zhanakorgan,43.91,67.25,65.14,27,0,3.04,KZ,1592522741
481,Antofagasta,-23.65,-70.4,59.0,82,90,8.05,CL,1592522741
482,Itoman,26.12,127.67,84.15,89,75,18.34,JP,1592522741
483,Inhambupe,-11.78,-38.35,68.61,92,2,6.6,BR,1592522741
484,Balezino,57.98,53.01,44.69,79,0,2.01,RU,1592522741
485,Kailāras,26.32,77.62,92.16,46,2,15.55,IN,1592522741
486,Elk City,35.41,-99.4,92.1,41,1,17.22,US,1592522741
487,Batticaloa,7.71,81.69,80.94,74,35,7.14,LK,1592522741
488,Port Hawkesbury,45.62,-61.35,81.28,39,1,10.29,CA,1592522741
489,San Francisco,37.77,-122.42,72.73,34,20,18.34,US,1592522642
490,Borovoy,55.43,86.08,55.4,100,78,4.47,RU,1592522742
491,Guerrero Negro,27.98,-114.06,71.92,52,1,17.87,MX,1592522742
492,Storforshei,66.4,14.52,48.0,89,0,3.0,NO,1592522742
493,Mbalmayo,3.52,11.5,71.6,100,20,3.36,CM,1592522742
494,Rawson,-43.3,-65.1,54.18,51,81,15.23,AR,1592522742
495,Ubari,26.59,12.78,78.96,17,0,7.38,LY,1592522742
496,Kampot,10.62,104.18,78.8,94,20,1.12,KH,1592522742
497,Miyang,24.4,103.44,68.27,88,100,2.59,CN,1592522742
498,Selçuk,37.95,27.37,68.27,77,0,2.24,TR,1592522742
499,Surovikino,48.61,42.85,72.16,62,96,13.15,RU,1592522742
500,Dolgorukovo,52.32,38.35,64.89,92,42,5.97,RU,1592522742
501,Sheridan,44.83,-106.92,61.27,51,90,21.92,US,1592522743
502,Bairiki Village,1.33,172.98,86.0,66,75,2.24,KI,1592522743
503,Sept-Îles,50.2,-66.38,83.89,51,75,8.05,CA,1592522743
504,Malinovoye Ozero,51.68,79.78,56.3,90,100,5.61,RU,1592522743
505,Yulara,-25.24,130.99,46.4,39,0,5.82,AU,1592522743
506,Sulina,45.16,29.65,67.55,82,52,3.58,RO,1592522743
507,Moose Jaw,50.4,-105.53,46.8,93,90,13.87,CA,1592522743
508,Sopela,43.38,-2.98,57.72,93,17,3.36,ES,1592522743
509,Krasnyy Chikoy,50.36,108.75,59.29,85,73,2.19,RU,1592522743
510,Acará,-1.96,-48.2,73.8,97,95,3.53,BR,1592522743
511,West Wendover,40.74,-114.07,71.6,26,1,11.41,US,1592522743
512,Santa Clara,22.4,-79.97,82.4,74,75,6.93,CU,1592522571
